World bank projects, downloaded 01-05-2021 07:46:46 am								
Project Name	Country	Project Id	Commitment Amount	Status	Approval Date	Last updated Date	Project Development Objective	Consultant Services Required
Digital Inclusion and Innovation in Public Services in Argentina	Argentina	P174946	80.00	Activo	2021-03-30T00:00:00Z	2021-03-31T00:00:00Z	To improve the efficiency of and access to selected digital administrative services	
Additional Financing for Supporting Effective Universal Health Coverage in Argentina	Argentina	P174913	250.00	Activo	2021-03-30T00:00:00Z	2021-03-10T00:00:00Z	The Development Objective of the proposed Project would be to: (i) increase effective and equitable coverage of key health services provided to the eligible population; and (ii) increase the institutional capacity of the MSN and MSPs to implement mechanisms for an  integrated delivery system.	Yes
BUENOS AIRES WATER SUPPLY AND SANITATION WITH A FOCUS ON VULNERABLE AREAS PROGRAM	Argentina	P172689	300.00	Activo	2021-02-25T00:00:00Z	2021-02-25T00:00:00Z	The Program Development Objectives are to increase access to safely managed water and sanitation services with a focus on vulnerable  areas of Buenos Aires, and improve AySA¥s efficiency and capacity to respond to water and sanitation emergency needs	
AR: COVID-19 Emergency Response Project	Argentina	P173767	35.00	Activo	2020-04-02T00:00:00Z	2021-02-04T00:00:00Z	To strengthen preparedness and response efforts against the COVID-19 pandemic and national systems for public health preparedness in  Argentina	
Second Additional Financing for the Children and Youth Protection Project	Argentina	P173081	300.00	Activo	2020-03-24T00:00:00Z	2020-03-13T00:00:00Z	The Project Development Objectives are to: (i) expand coverage of the Family Allowances programs; and (ii) improve transparency of s ocial protection programs implemented by ANSES.	Yes
Supporting the Electricity Social Tariff Transition in the Province of Buenos Aires	Argentina	P170329	150.00	Activo	2019-09-05T00:00:00Z	2021-01-27T00:00:00Z	Support the transition of the electricity social tariff scheme from the federal to the Buenos Aires provincial level, while strength ening the institutional capacity of the province of Buenos Aires to implement ST delivery	Yes
Matanza-Riachuelo Basin (MRB) Sustainable Development Project Additional Financing	Argentina	P171197	245.00	Activo	2019-09-05T00:00:00Z	2019-08-07T00:00:00Z	The overall development objective of the proposed APL program supports the Government's Integrated Basin Cleanup whilesimultaneously  improving sanitary conditions along the banks of La Plata River and providing a long-term and cost-effectivesolution for safe dispo sal of wastewater from the Buenos Aires Metropolitan Area (AySAs concession area). The two stage APL programthat contributes to this  objective and the allocation of works and activities under each APL has been specifically designed toensure that APL-1 can be free- standing, with no stranded assets at the end of the first stage.  The project (APL-1) development objectives contribute to the o verall program development objective by (i) improving sewerageservices in the M-R River Basin and other parts of the Province and Ci ty of Buenos Aires by expanding transport and treatmentcapacity; (ii) supporting a reduction of industrial discharges to the M-R Riv er, through the provision of industrial conversiongrants to small and medium enterprises; (iii) promoting improved decision-making f or environmentally-sustainable land use anddrainage planning, and piloting urban drainage and land use investments, in the M-R River  Basin; and (iv) strengthening ACUMAR#sinstitutional framework for ongoing and sustainable clean-up of the M-R River Basin.	Yes
Second Inclusive Growth Programmatic DPF	Argentina	P168713	500.00	Cerrado	2019-07-11T00:00:00Z	2020-06-17T00:00:00Z	The Development Objectives of the operation are (i) strengthening the foundation for private sector led growth, and (ii) strengtheni ng the social safety net and enhance fiscal equity	
Improving Inclusion in Secondary and Higher Education	Argentina	P168911	341.00	Activo	2019-06-28T00:00:00Z	2021-04-22T00:00:00Z	The objectives of the Operation are to (i) reduce dropout rates in basic and higher education among the most vulnerable; and (ii) st rengthen the Borrowers education evaluation systems.	
Metropolitan Buenos Aires Urban Transformation Project Additional Financing	Argentina	P166935	100.00	Activo	2019-06-18T00:00:00Z	2019-05-29T00:00:00Z	The Project Development Objectives are to improve housing conditions and access to selected basic services and infrastructure in sel ected disadvantaged neighborhoods in the Buenos Aires Metropolitan Area (AMBA), and strengthen the institutional capacity for urban management at the metropolitan level.	Yes
Additional Financing Children and Youth Protection Project	Argentina	P167851	450.00	Activo	2018-11-01T00:00:00Z	2018-09-29T00:00:00Z	The Project Development Objectives are to: (i) expand coverage of the Family Allowances programs; and (ii) improve transparency of s ocial protection programs implemented by ANSES.	
Argentina First Inclusive Growth Programmatic DPF	Argentina	P167889	500.00	Cerrado	2018-11-01T00:00:00Z	2020-12-16T00:00:00Z	The Development Objectives of the operation are the following: (i) strengthening the foundations for private sector-led growth, and (ii) strengthening the social safety net and enhancing fiscal equity.	
Integrated Risk Management in the Rural Agroindustrial System	Argentina	P162316	150.00	Activo	2018-05-24T00:00:00Z	2021-04-08T00:00:00Z	The objective of the project is to improve the management of agricultural risks by eligible beneficiaries and selected public instit utions.	
Supporting Effective Universal Health Coverage in Argentina	Argentina	P163345	300.00	Activo	2018-05-18T00:00:00Z	2021-02-08T00:00:00Z	The Development Objective of the proposed Project would be to: (i) increase effective and equitable coverage of key health services provided to the eligible population; and (ii) increase the institutional capacity of the MSN and MSPs to implement mechanisms for an  integrated delivery system.	TBD
Renewable Fund Guarantee	Argentina	P165085	250.00	Activo	2018-03-15T00:00:00Z	2020-01-09T00:00:00Z	Support the development of renewable energy in Argentina through private sector investments.	
Northwestern Road Development Corridor Project	Argentina	P163115	300.00	Activo	2017-12-14T00:00:00Z	2021-03-04T00:00:00Z	The Proposed Project Development Objectives (PDO) are to improve connectivity and road safety along targeted road sections of the No rthwestern Corridor and to support corridor development in the Northwest of Argentina.	
Proyecto de Apoyo a la GestiÛn Integrada de la Cuenca del RÌo Salado	Argentina	P161798	300.00	Activo	2017-04-06T00:00:00Z	2021-04-06T00:00:00Z	To enhance flood protection and strengthen the capacity of the responsible institutions for integrated water resources monitoring an d management in the Salado River Basin.	
Proyecto de Abastecimiento de Agua y Saneamiento: Plan Belgrano	Argentina	P162712	125.00	Cerrado	2017-03-24T00:00:00Z	2017-02-23T00:00:00Z	The proposed new Project Development Objectives are to increase access to water supply and sanitation services and to improve the operational and financial performance of the water supply and sanitation service providers in the project area.	
Fondo para el Desarrollo de EnergÌas Renovables: Fondo de GarantÌa Renovable de Argentina	Argentina	P159901	480.00	Activo	2017-02-28T00:00:00Z	2021-02-08T00:00:00Z	The project development objective is to increase electricity generation capacity  from  renewable energy sources through private investment in the energy sector.	
Proyecto de TransformaciÛn Urbana del AMBA	Argentina	P159843	200.00	Activo	2017-02-27T00:00:00Z	2021-03-05T00:00:00Z	The Project Development Objectives are to improve housing conditions and access to selected basic services and infrastructure in sel ected disadvantaged neighborhoods in the Buenos Aires Metropolitan Area (AMBA), and strengthen the institutional capacity for urban management at the metropolitan level.	
Proyecto Integrado de H·bitat y Vivienda	Argentina	P159929	200.00	Activo	2017-02-27T00:00:00Z	2021-04-23T00:00:00Z	The proposed Project's development objectives are to: (i) increase access to formal housing for eligible households; and (ii) improv e living conditions for households in selected precarious urban settlements.	
Proyecto de ModernizaciÛn e InnovaciÛn de los Servicios P˙blicos en Argentina	Argentina	P157136	80.00	Activo	2017-02-21T00:00:00Z	2020-12-11T00:00:00Z	To improve the quality and accessibility of selected government administrative services and enhance transparency in the public admin istration.	
Proyecto de Transporte Urbano para ¡reas Metropolitanas	Argentina	P161393	45.00	Activo	2017-01-27T00:00:00Z	2018-01-18T00:00:00Z	The overall development objective of the program is to improve the quality and sustainability of urban transport systems in Argentine Metropolitan Areas, through the improvement of sectoral decision making frameworks and by giving priority to public transport modes in the urban transport sector. The project (APL1) development objectives contribute to the overall program development objective by: (i) supporting the design and creation of a multijurisdictional Metropolitan Transport Agency for the Buenos Aires Metropolitan Area (AMBA); (ii) strengthening the institutional capacity of the transport authorities in decision making, planning, priority setting, and resource allocation in urban transport; (iii) improving the quality and performance of urban transport infrastructure and/orservices in medium size Metropolitan Areas; and (iv) improving the physical integration and access to public transport networks in the Buenos Aires Metropolitan Area.	
Proyecto de Acceso a Financiamiento a Largo Plazo para Microempresas y PequeÒas y Medianas Empresas	Argentina	P159515	50.00	Activo	2016-11-18T00:00:00Z	2021-03-12T00:00:00Z	The Project Development Objectives (PDO) are to improve access to, and strengthen the framework for the provision of, longer term fi nance for eligible micro, small and medium enterprises.	
Financiamiento Adicional para el Proyecto de Fomento de la InnovaciÛn Productiva	Argentina	P159747	45.00	Activo	2016-07-08T00:00:00Z	2016-07-12T00:00:00Z	The Objective of the Project is to expand the Borrower's capacity to generate productiveinnovation in knowledge-based areas by: (a) facilitating the creation of new knowledge-basedcompanies; (b) developing specialized human capital; (c) supporting productive researchinnovation activities and their technology commercialization in the areas of biotechnology,nanotechnology and information and communication technology; (d) upgrading the researchinfrastructure in the areas of science, technology and productive innovation; and (e) strengtheningthe policy framework governing science, technology, and productive innovation.	
Proyecto para la ProtecciÛn de los NiÒos y los JÛvenes	Argentina	P158791	600.00	Activo	2016-06-30T00:00:00Z	2021-03-26T00:00:00Z	The Project Development Objectives are to: (i) expand coverage of the Family Allowances programs; and (ii) improve transparency of s ocial protection programs implemented by ANSES.	
Argentina: Proyecto de Apoyo a la GestiÛn del Riesgo de Inundaciones en la Ciudad AutÛnoma de Buenos Aires	Argentina	P145686	200.00	Activo	2016-06-22T00:00:00Z	2021-04-22T00:00:00Z	Strengthen the Autonomous City of Buenos Aires to efficiently manage flood risk and improve the drainage systems in the Cildanez Bas in, Maldonado Basin, and Vega Basin.	
Financiamiento adicional para el Proyecto de Desarrollo de Seguros P˙blicos Provinciales de Salud de Argentina	Argentina	P154431	200.00	Activo	2015-07-07T00:00:00Z	2015-07-08T00:00:00Z	The PDOs are to: (a) increase utilization and quality of key health services for the uninsured target population; and (b) improve institutional management by strengthening the incentives for results in Participating Provinces and among Authorized Providers.	
InclusiÛn SocioeconÛmica en Zonas Rurales de Argentina	Argentina	P106685	52.50	Activo	2015-06-11T00:00:00Z	2021-04-08T00:00:00Z	To increase the socio-economic inclusion of rural poor (small producers, indigenous people, and rural workers) by: (a) strengthening their organizational, planning and management capacity to achieve poverty-reduction goals; (b) improving their access to communityinfrastructure and services; and (c) piloting a new model for developing sustainable access to markets.	
Proyecto de ProtecciÛn de Personas Vulnerables frente a Enfermedades No Transmisibles	Argentina	P133193	350.00	Activo	2015-06-11T00:00:00Z	2021-02-15T00:00:00Z	To contribute to: (i) improving the readiness of public health facilities to deliver higher quality NCD-services for vulnerable population groups and expanding the scope of selected services; and (ii) protecting vulnerable population groups against prevalent NCD risk factors.	
Proyecto de Bosques y Comunidad	Argentina	P132846	58.76	Activo	2015-04-07T00:00:00Z	2021-04-23T00:00:00Z	Project Development Objective (from Project Appraisal Document)  The Project Development Objective is to improve forest management; and increase access to markets and basic services by small forest producers including indigenous and campesinos in selected Northern Provinces of Argentina	
Proyecto de EnergÌas Renovables en ¡reas Rurales de Argentina	Argentina	P133288	200.00	Activo	2015-04-07T00:00:00Z	2021-04-20T00:00:00Z	The project's development objective is to provide and enhance access to modern energy services in selected rural areas of Argentina.	
Proyecto de Apoyo para el Empleo de los JÛvenes en Argentina	Argentina	P133129	425.00	Activo	2015-01-15T00:00:00Z	2021-03-04T00:00:00Z	The development objective of the proposed Project is to improve access of vulnerable youth population to labor markets, increasing their employability by supporting the expansion and strengthening of Government employment programs.	
Segunda Etapa del Proyecto de Mejoramiento de la EducaciÛn Rural (PROMER II)	Argentina	P133195	250.50	Activo	2014-12-02T00:00:00Z	2021-03-30T00:00:00Z	The proposed Project Development Objective is to support the national Government to reduce repetition rates in Primary Education and increase enrollment in, and completion rates of, Secondary Education, all in Argentina's rural areas.	
Proyecto de Desarrollo de Seguros P˙blicos Provinciales de Salud	Argentina	P106735	400.00	Cerrado	2011-04-28T00:00:00Z	2020-06-04T00:00:00Z	The PDOs are to: (a) increase utilization and quality of key health services for the uninsured target population; and (b) improve institutional management by strengthening the incentives for results in Participating Provinces and among Authorized Providers.	
Segundo Proyecto de Infraestructura HÌdrica del Norte Grande	Argentina	P125151	200.00	Activo	2011-04-05T00:00:00Z	2021-01-27T00:00:00Z	The proposed new Project Development Objectives are to increase access to water supply and sanitation services and to improve the operational and financial performance of the water supply and sanitation service providers in the project area.	
Basic Protection Project Additional Financing	Argentina	P120622	480.00	Cerrado	2011-03-10T00:00:00Z	2016-04-12T00:00:00Z	18.The project development objective is to increase the effectiveness of Argentina‚Äôs income transfer programs for the unemployed and families with children and to create the preconditions for expansion of the safety net. The specific objectives are to:   (a)Help the Government to protect expenditures on core income transfer programs, at a time of increasing fiscal pressures; (b)Support the expansion of the Seguro program (Employment Benefit and Training), aimed at increasing employability of unemployed and informal sector workers through temporary cash support, training, and job placement services. (c)Support the Government‚Äôs strategy to reform the ‚ÄúFamily Allowances‚Äù programthat provides income transfers to families of lower income formal sector workers, increasing transparency and accountability, and setting the operational pre-conditions for a possible expansion of coverage in the near future. (d)Enhance the capacity of the Government to monitor poverty and social protection, through technical assistance for the design and implementation of a national ‚ÄúSocial Protection Survey‚Äù and the improvement of analytical capacity.	
Programa de Fortalecimiento del Sector P˙blico: PrÈstamo Adaptable para Programas (APL1)	Argentina	P121836	30.00	Cerrado	2011-02-22T00:00:00Z	2018-05-07T00:00:00Z	The objective is to improve the public sector ability to contribute to the econo mic and social development of the Province of La Rioja.	
Segunda fase del Proyecto de Programas de Fortalecimiento de las Funciones Esenciales de la Salud P˙blica	Argentina	P110599	461.00	Cerrado	2010-12-20T00:00:00Z	2020-10-23T00:00:00Z	The PDOs are to: (i) improve the stewardship role of the federal public health system, through the strengthening of Essential Public Health Functions; and (ii) increase the coverage and clinical governance  of Priority Public Health Programs	
Proyecto de Infraestructura Vial del Norte Grande	Argentina	P120198	400.00	Cerrado	2010-12-20T00:00:00Z	2020-06-15T00:00:00Z	The development objective of the proposed project is to reduce transport costs for users of provincial roads along selected corridors of the Norte Grande provinces, through the improvement of the quality of those roads and the introduction of improved road asset management tools and methods.	
Argentina: Proyecto de Infraestructura HÌdrica del Norte Grande	Argentina	P120211	200.00	Cerrado	2010-12-20T00:00:00Z	2020-12-11T00:00:00Z	The PDO is to increase sustainable access to water supply and urban drainage services in the Norte Grande region of Argentina by providing investments in infrastructure and supporting institutional development.	
AR AF Buenos Aires Province Infra Sust Investment Development	Argentina	P114081	50.00	Cerrado	2010-07-27T00:00:00Z	2014-08-08T00:00:00Z		
Proyecto de Seguridad Vial de Argentina	Argentina	P116989	30.00	Cerrado	2010-04-06T00:00:00Z	2018-02-05T00:00:00Z	The proposed project development objective is to contribute to the reduction of road traffic injuries and fatalities in the Borrower's territory through the strengthening of the Borrower's institutional framework and management capacity for road safety and the reduction of road crashes in selected pilot corridors.	
AR San Juan SWAP	Argentina	P113896	50.00	Cerrado	2010-03-16T00:00:00Z	2018-01-14T00:00:00Z	The project development objectives are to:  #  Improve the equity, quality and efficiency of health services, thereby supporting the reduction of child and maternal mortality, especially among those citizens with limited resources who rely heavily on public health services. The four health programs supported by the operation (detailed below) are conducive for these objectives.  # Improve the equity, quality and efficiency of education services in the first few years of schooling; thereby strengthen the human capital foundations of the province and improving equal opportunities in education.  The two education programs supported by the operation (detailed below) are conducive for these objectives.  #  Strengthen public sector management. The project aims to build institutional capacity in key line ministries and the finance ministry, introducing basic elements of performance-informed budgeting and policy planning, improving public resource management, and strengthening monitoring and evaluation of service delivery. The TA component is designed to support this objective.	
Prevention and Management of Influenza Type Illness and Strengthening of Argentina's Epidemiological System Project	Argentina	P117377	229.00	Cerrado	2010-02-23T00:00:00Z	2016-06-13T00:00:00Z	The objective of the Project is to strengthen the capacity of the Borrowers epidemiological health surveillance system to: (a) prevent, monitor and evaluate influenza activity and (b) control epidemic waves of A/H1N1 influenza.	
Argentina: Financiamiento adicional para el Proyecto de Infraestructura Vial Provincial	Argentina	P114018	175.00	Cerrado	2010-01-12T00:00:00Z	2018-01-18T00:00:00Z	The objectives of the Project are: (a) to improve the primary paved road sectorassets of Participating Provinces I; and (b) to enh ance the DPVs capacity to manage andadminister said road assets, so as to facilitate the transport of products within theBorrow ers territory.	
Proyecto de Transporte Urbano en Zonas Metropolitanas	Argentina	P095485	150.00	Cerrado	2009-10-20T00:00:00Z	2020-06-29T00:00:00Z	The overall development objective of the program is to improve the quality and sustainability of urban transport systems in Argentine Metropolitan Areas, through the improvement of sectoral decision making frameworks and by giving priority to public transport modes in the urban transport sector. The project (APL1) development objectives contribute to the overall program development objective by: (i) supporting the design and creation of a multijurisdictional Metropolitan Transport Agency for the Buenos Aires Metropolitan Area (AMBA); (ii) strengthening the institutional capacity of the transport authorities in decision making, planning, priority setting, and resource allocation in urban transport; (iii) improving the quality and performance of urban transport infrastructure and/orservices in medium size Metropolitan Areas; and (iv) improving the physical integration and access to public transport networks in the Buenos Aires Metropolitan Area.	
Argentina Basic Protection Project	Argentina	P115183	450.00	Cerrado	2009-06-09T00:00:00Z	2016-06-03T00:00:00Z	The project development objective is to increase the effectiveness of Argentina's income transfer programs for the unemployed and families with children and to create the preconditions for expansion of the safety net. The specific objectives are to: (a)Help the Government to protect expenditures on core income transfer programs, at a time of increasing fiscal pressures; (b)Support the expansion of the Seguro program (Employment Benefit and Training), aimed at increasing employability of unemployed and informal sector workers through temporary cash support, training, and job placement services. (c)Support the Government's strategy to reform the Family Allowances program that provides income transfers to families of lower income formal sector workers, increasing transparency and accountability, and setting the operational pre-conditions for a possible expansion of coverage in the near future. (d)Enhance the capacity of the Government to monitor poverty and social protection, through technical assistance for the design and implementation of a national Social Protection Survey and the improvement of analytical capacity.	
Programa de PrÈstamos Adaptables para el Desarrollo Sostenible de la Cuenca Matanza-Riachuelo	Argentina	P105680	840.00	Activo	2009-06-09T00:00:00Z	2021-04-26T00:00:00Z	The overall development objective of the proposed APL program supports the Government's Integrated Basin Cleanup whilesimultaneously  improving sanitary conditions along the banks of La Plata River and providing a long-term and cost-effectivesolution for safe dispo sal of wastewater from the Buenos Aires Metropolitan Area (AySAs concession area). The two stage APL programthat contributes to this  objective and the allocation of works and activities under each APL has been specifically designed toensure that APL-1 can be free- standing, with no stranded assets at the end of the first stage.  The project (APL-1) development objectives contribute to the o verall program development objective by (i) improving sewerageservices in the M-R River Basin and other parts of the Province and Ci ty of Buenos Aires by expanding transport and treatmentcapacity; (ii) supporting a reduction of industrial discharges to the M-R Riv er, through the provision of industrial conversiongrants to small and medium enterprises; (iii) promoting improved decision-making f or environmentally-sustainable land use anddrainage planning, and piloting urban drainage and land use investments, in the M-R River  Basin; and (iv) strengthening ACUMAR#sinstitutional framework for ongoing and sustainable clean-up of the M-R River Basin.	
Argentina: Proyecto de energÌas renovables en mercados rurales (PERMER) (financiamiento adicional)	Argentina	P110498	50.00	Cerrado	2008-11-11T00:00:00Z	2013-01-15T00:00:00Z		
Segundo programa de servicios agrÌcolas provinciales	Argentina	P106684	300.00	Cerrado	2008-09-25T00:00:00Z	2017-03-10T00:00:00Z	To increase the productivity and sales volume of small and medium-size producers.  To achieve this, the project's strategy involves technical assistance (TA), capacity-building activities, and direct investments that contribute to long-term improvements in agricultural productivity, as well as competitiveness and market access.	
Argentina: Fomento de la innovaciÛn productiva	Argentina	P106752	150.00	Cerrado	2008-09-25T00:00:00Z	2020-04-20T00:00:00Z	The Objective of the Project is to expand the Borrower's capacity to generate productiveinnovation in knowledge-based areas by: (a) facilitating the creation of new knowledge-basedcompanies; (b) developing specialized human capital; (c) supporting productive researchinnovation activities and their technology commercialization in the areas of biotechnology,nanotechnology and information and communication technology; (d) upgrading the researchinfrastructure in the areas of science, technology and productive innovation; and (e) strengtheningthe policy framework governing science, technology, and productive innovation.	
Argentina: Proyecto de restauraciÛn ambiental minera	Argentina	P110462	30.00	Cerrado	2008-07-31T00:00:00Z	2017-12-21T00:00:00Z	The development objectives of the project are to: (a) strengthen Government of Argentina's capacity to assess and mitigate environmental risks associated with closed uranium mines, processing sites, and related mining sector investments in accordance with international good practice; and (b) reduce potential economic and health damages associated with a closed uranium mining site in Malargue, Mendoza.	
ARGENTINA: SISTEMA DE IDENTIFICACI”N NACIONAL TRIBUTARIO Y SOCIAL. SEGUNDO PR…STAMO	Argentina	P101171	20.00	Cerrado	2008-07-10T00:00:00Z	2013-03-15T00:00:00Z	The project's development objective is to identify social and/or fiscal attributes of physical and legal persons in Argentina, through a sustainable information exchange system, aimed at improving the efficiency, effectiveness, and impact of social services and fiscal programs at all levels of government in Argentina.  The specific objectives to be pursued under this operation are: 1.to expand and consolidate the network underlying the exchange of social and fiscal information among public agencies at the national, provincial, and municipal levels of government, with provisions to ensure data protection, accessibility, and the quality and accuracy of information; and 2.to consolidate the institutionalization of SINTyS as an independent national entity responsible for coordinating and setting standards governing the exchange of information within Argentina's public sector.	
Argentina: GestiÛn sostenible de los recursos naturales (antes, Desarrollo forestal sostenible)	Argentina	P100806	60.00	Cerrado	2008-03-18T00:00:00Z	2016-04-12T00:00:00Z	Improve the sustainable and efficient management of forest resources, conserve biodiversity in protected areas and forest landscapes, and integrate small producers into forestry development and conservation.	
Argentina: Proyecto de desarrollo de pequeÒos productores agropecuarios (PROINDER) (financiamiento adicional)	Argentina	P102446	45.00	Cerrado	2007-07-17T00:00:00Z	2017-01-12T00:00:00Z	PDO 1: Increased productive and organizational capacity in participating poor, rural communities.  PDO 2: Greater emphasis on rural poverty issues in the sectoral agenda and improved coordination of rural development programs and policies. PDO 3: Financial assistance provided to poor, rural producers in areas declared in flood emergency or disaster.	
Argentina: Proyecto de capacitaciÛn y aprendizaje permanente	Argentina	P095514	200.00	Cerrado	2007-06-28T00:00:00Z	2016-04-12T00:00:00Z	The proposed Project aims at supporting the Government of Argentina to consolidate, strengthen, and increase the coverage of a lifelong learning and competency-based training system for disadvantaged adults 18 years or older with the objectives for those who participate to: (i) enhance employability (for unemployed); and (ii) improve career opportunities (for employed).	
Argentina: Segunda fase del proyecto de administraciÛn de activos de las rutas nacionales	Argentina	P095569	400.00	Cerrado	2007-06-28T00:00:00Z	2018-01-18T00:00:00Z	The overall purpose of the program is to further develop and implement an efficient road network management strategy, bringing about the necessary resources to preserve the national road network in the long term. This is a key condition towards increasing the competitiveness of the economy and supporting a sustainable path of economic growth and poverty reduction: a.Preserve the condition of vital road assets, through the gradual expansion of performance-based contracts for the rehabilitation and maintenance of the non-concessioned primary paved network; b.Strengthen road sector management through carrying out a renewal program of DNV to revitalize its role in the sector by: (i) reinforcing its human resource base, (ii) consolidating its transformation into a results-oriented organization accountable for specific outputs; (iii) introducing a systematic approach to bridge management and (iv) enhancing road safety.	
Argentina: Proyecto de infraestructura en la provincial de Buenos Aires (APL-2)	Argentina	P105288	270.00	Cerrado	2007-06-28T00:00:00Z	2014-08-08T00:00:00Z	The overall purpose of the program is to improve the provision of infrastructure services in the Province within a framework offiscal responsibility. Through improved services the Project aims to support the return to a sustainable path of economic growth, to alleviate poverty and to increase social equity. To this end, the Province prioritized a set of interventions through the sector wide Infrastructure Program for the period 2005-2012 specifically aimed to: i.    Develop a multi-year public expenditure program, in line with the priorities of the Province, to implement the InfrastructureProgram following sound fiscal policies to ensure convergencetowards a long-term sustainable fiscal framework. ii.    Improve and maintain high priority segments of the non-concessioned paved road network to support the reactivation of the provincial economy and strengthen regional competitiveness. iii.    Enhance access to water, sewerage, sanitation and urban drainage services, especially for the low-income segments of the population living in highly vulnerable areas of the Conurbano Bonaerense.  The specific Project Development Objective is to improve the social and environmental welfare of approximately 5,000,000 people through the improved provision of transport, water and sanitation and drainage services.	
Segundo proyecto de modernizaciÛn del Estado	Argentina	P101170	20.00	Cerrado	2007-05-29T00:00:00Z	2014-10-01T00:00:00Z	The project would contribute to a (i) strengthened capacity of the CCO to carry out its mandate in key public sector management areas for improved coordination, monitoring and evaluation; and to (ii) the increased use of modern e-government, procurement, human resource management and social accountability tools as well as improved capacity for investment promotion.	
Buenos Aires Urban Transport -PTUBA - Additional Financing	Argentina	P104984	100.00	Cerrado	2007-03-27T00:00:00Z	2018-01-18T00:00:00Z	Help in developing integrated urban transport strategies in Argentina's largest Metropolitan Areas.	
Infraestructura vial en Santa Fe, Argentina	Argentina	P099051	126.70	Cerrado	2007-02-13T00:00:00Z	2018-01-18T00:00:00Z	The overall purpose of the project is to improve transport conditions along a strategic road corridor that links the Province of Santa Fe with regional and international markets. Adding capacity to National Road 19, a key component of a major bi-oceanic corridor that links the PSF and the Center Region with Chile and Brazil will reduce logistics costs, facilitate access to major regional consumption and export markets and foster the effective economic integration of the Center Region provinces	
Argentina: Proyecto de desarrollo agrÌcola provincial (financiamiento adicional). PrÈstamo 7425-0 AR	Argentina	P102316	37.00	Cerrado	2007-01-23T00:00:00Z	2016-04-12T00:00:00Z	1. To increase and diversify agricultural production and exports through intensifying land use, increasing productivity per hectare, and introducing new crops and modern varieties.  2. To increase and stabilize the agricultural incomes of about 120,000 small and medium-sized commercial farms. 3. To improve the effectiveness of basic agricultural support services to increase the international competitiveness of agricultural products, by introducing new and more productive technologies, increasing quality and improving sanitary conditions of products, and eradicating diseases that limit access to international markets. 4. To improve rural productive infrastructure to reduce production and marketing costs, through a significant reduction in the risk of losses (crops, livestock, equipment and facilities), as well as more efficient use and better conservation and management of natural resources. 5. To strengthen national and provincial institutional capacity to formulate and analyze sectoral development policy, as well as to identify, prepare and implement investment projects. 6.  To rationalize public investments and promote an expanded private sector role (e.g., farmers' organizations, NGOs, and service providers) in agricultural development. 7.  Improve maternal and child health through the delivery of quality services, and to strengthen disease surveillance and control activities, all for purposes of reducing the acute risk of disease in the Borrower's territory.	
Argentina: Proyecto de funciones esenciales de la salud p˙blica	Argentina	P090993	220.00	Cerrado	2006-11-21T00:00:00Z	2013-05-09T00:00:00Z	The Project's development objectives are to: (i) increase the coverage of ten prioritized Public Health Programs; (ii) reducepopulation's exposure to principal risk factors associated with collective illness; and (iii) improve the stewardship role andappropriate regulatory environment of the Nation's public health system. The Project aims to support Argentina's Federal HealthPlan and its objectives to reduce mortality and morbidity associated with collective illness.	
Segundo prÈstamo adaptable para programas de inversiÛn en salud materno infantil provincial en Argentina 	Argentina	P095515	300.00	Cerrado	2006-11-02T00:00:00Z	2013-05-09T00:00:00Z	The project development objectives are: (a) to increase access by eligible uninsured mothers and children to basic  health services;   (b) to strengthen the incentive framework for efficiency and focus on results between the national level and the Eligible Provinces and among Eligible Provinces and service providers by linking financing to both services actually rendered to the target populationand to the achievement of the MCHIP results as reflected by the selected ten tracers of the Trazadoras Matrix.	
Infraestructura vial en CÛrdoba, Argentina 	Argentina	P099585	75.00	Cerrado	2006-07-11T00:00:00Z	2018-01-18T00:00:00Z	Improve the reliability of the Province's road sector assets and the efficiency of their management as a means to support the Province's competitiveness and economic growth, by building up institutional capacity to encourage efficient planning policies and adequate resource allocation for the rehabilitation and maintenance of the core provincial road network.	
Argentina  Segundo prÈstamo adaptable para programas de drenaje y prevenciÛn de inundaciones urbanas 	Argentina	P093491	70.00	Cerrado	2006-06-06T00:00:00Z	2015-07-30T00:00:00Z	The project would help reduce vulnerability of Argentina to flooding, through a mix of physical, institutional and financial measures.  It will be the second phase of an APL, planned over the next 7 years. While phase 1 of the program develops a risk management program for the City of Buenos Aires, phase 2 develops a risk management program for six provinces complying with the selection criteria, and undertakes preparation of the future operations.  The measures will aim at improving the security of economic assets and persons living in flood-prone areas by constructing defense facilities to reduce future losses due to floods, and by strengthening national and provincial institutions and systems for dealing with future floods. These provinces (Chaco, Corrientes, Misiones, Santa Fe, Formosa and Entre Rios), are located along the two main rivers, the Paran? and Paraguay, constituting the Argentinean region most vulnerable to flooding. The provinces have started to develop a risk management strategy under the current Flood Protection Project (4117-AR), and they succeeded in achieving positive results in risk identification and mitigation.  In addition, the provinces will build on the achievements and experience from the City of Buenos Aires in phase1.	
Proyecto de servicios municipales b·sicos	Argentina	P060484	110.00	Cerrado	2006-06-06T00:00:00Z	2015-06-05T00:00:00Z	The objective of the Project is to improve the quality of life and the quality of basic municipal services through the provision of water supply and sanitation, urban drainage, and roads infrastructure in an equitable and fiscally sustainable manner.	
Proyecto de transiciÛn para jefes de hogar	Argentina	P055483	350.00	Cerrado	2006-03-23T00:00:00Z	2016-04-12T00:00:00Z	The Project Development Objectives are to help: (i) reduce poverty by supporting  the workfare component of the Heads of Household Program, including continued i mprovements in Program management and governance; and (ii) promote activities ai med at getting more beneficiaries of this Program into full-time employment, the reby enabling them to graduate from the Program.  Activities to promote labor ma rket participation by beneficiaries would include: (i) workfare sub-projects des igned especially to promote employability, for example, by combining them with t raining, skill certification, and targets for job placement; (ii) support for pr oductive micro-projects; and (iii) the establishment and support to municipal of fices of employment services.	
Proyecto nacional de manejo de residuos sÛlidos urbanos	Argentina	P089926	40.00	Cerrado	2006-02-28T00:00:00Z	2015-06-05T00:00:00Z	The development objective of this project is to improve public health and quality of life by developing environmentally and financially sustainable systems for urban solid waste management in Argentina.	
Programa subnacional de modernizaciÛn del sector p˙blico 	Argentina	P070448	40.00	Cerrado	2005-12-15T00:00:00Z	2013-10-02T00:00:00Z	The project aims at improving the capabilities of the provincial governments and  their municipalities to more effectively manage their resources and improve the  quality of government administrative services. Its specific objectives are: i) to support the integrated development and adoption of basic management tools tha t are conducive to the efficient and transparent management of provincial and mu nicipal resources; ii) to strengthen provincial governments in such key areas as  those related to land tax and tax administration, human resources management, j udicial services, civil registries, control entities and public safety functions ; and iii) to support the strengthening of municipal governments through pilot a ctivities designed to demonstrate the benefits of integrated modernization effor ts.	
Proyecto de mejoramiento de la educaciÛn rural en Argentina  - PROMER	Argentina	P070963	150.00	Cerrado	2005-12-15T00:00:00Z	2014-04-18T00:00:00Z	The Project's Development Objective is to support national Government policy to: (i) improve the coverage, efficiency, and qualityof the Argentine education system, and (ii) to improve the governance of the Argentine education system through strengthening of thenormative, planning, information, monitoring, and evaluation capacity at the national and provincial levels.	
Fortalecimiento institucional - ANSES II TA	Argentina	P092836	25.00	Cerrado	2005-07-05T00:00:00Z	2013-06-12T00:00:00Z	Building on the achievements of the first operation, the project development objective is to enhance service-delivery by ANSES by improving its efficiency, effectiveness, transparency and accountability through institutional reengineering, fraud and error detection, change management and greater internal and external oversight, as well as institutional strengthening of the Social Security Secretariat. In particular, the proposed project will: (i) consolidate and expand selected organizational reforms of ANSES through business process reengineering, integration and automation of core processes, functions, and products, and ICT investments for continuous dynamic change with a view to improve the efficiency and effectiveness of service-delivery; (ii) support the institutional strengthening of the Social Security Secretariat to enhance its policymaking and oversight functions, strengthen the accountability of ANSES and other social security institutions, and promote outreach to other stakeholders; (iii) enhance access to information and exchange of information, help fraud and error detection in benefit determination and liquidation, and promote effective channels for citizen engagement and oversight, with a view to improve internal and external transparency and citizen participation; and (iv) promote change management, innovation, and dissemination of good management practices to enhance project performance and sustainability.	
Proyecto de infraestructura vial provincial 	Argentina	P070628	150.00	Cerrado	2005-06-07T00:00:00Z	2018-01-18T00:00:00Z	The objectives of the Project are: (a) to improve the primary paved road sectorassets of Participating Provinces I; and (b) to enh ance the DPVs capacity to manage andadminister said road assets, so as to facilitate the transport of products within theBorrow ers territory.	
Primer prÈstamo adaptable para programas de drenaje y prevenciÛn de inundaciones urbanas	Argentina	P088220	130.00	Cerrado	2005-04-05T00:00:00Z	2013-05-01T00:00:00Z	The proposed APL project, Phase A, would increase The City of Buenos Aires resilience to flooding through protection of its critical infrastructure and the introduction of a risk management approach to the government investment program. The project would focus on the issue of risk identification and reduction through prevention, mitigation, education and training.	
Primera fase del prÈstamo adaptable para programas de infraestructura en Buenos Aires, Argentina 	Argentina	P088032	200.00	Cerrado	2004-12-07T00:00:00Z	2015-11-25T00:00:00Z	The development objectives (PDOs) of this project are to: (i) enhance the provision of water andsewerage services for the benefitof low-income people, in particular for those peopleliving in highly vulnerable areas; (ii) improve high priority road segments of theBorrowers road network; (iii) mitigate urban flooding; and (iv) support thereactivation of the Borrowers economy and strengthen its regional competitiveness.	
AR Economic Recovery Support Structural Adjustment Loan (ERSAL)	Argentina	P083982	500.00	Cerrado	2004-06-29T00:00:00Z	2018-01-14T00:00:00Z	The objective of this structural adjustment loan is to support Argentina's efforts to consolidate economic recovery and ensure long-term growth and employment creation through the expansion of domestic enterprise. This will be accomplished through improving the functioning of the financial sector, resolving disputes in public/private contracts in the utilities sector; increasing transparency in the executive and judicial branches of government; improving the investment climate and the enhancement of competitivenss and export potential of existing and new enterprises through systematic productivity gains, quality improvements and innovation.	
GestiÛn de activos viales nacionales	Argentina	P088153	200.00	Cerrado	2004-06-29T00:00:00Z	2018-01-18T00:00:00Z	The overall purpose of the program is to gradually consolidate an efficient road network management strategy, bringing about the necessary resources to preserve the national road network in the long term. Specific Objectives are to:  1. Preserve the condition of vital road assets, through the gradual expansion of performance-based contracts for the rehabilitation and maintenance of the non-concessioned primary paved network; 2. Strengthen road sector management through carrying out a renewal program of DNV to revitalize its role in the sector by: (i) reinforcing its human resource base, (ii) consolidating its transformation into a results-oriented organization accountable for specific outputs; (iii) introducing a systematic approach to bridge management and (iv) enhancing road safety	
Proyecto de inversiÛn en salud materno infantil provincial en Argentina (primera fase de prÈstamo adaptable para programas)	Argentina	P071025	135.80	Cerrado	2004-04-15T00:00:00Z	2013-01-15T00:00:00Z	The proposed loan is an integral part of the Government of Argentina's poverty reduction program and aims to support the implementation of the Maternal and Child Health Insurance Program.  The project will contribute to: (a) stop the increase in infant mortality and further reduce it; (b) support the implementation of a significant change in health service contracting and management at provincial level, and (c) strengthen the stewardship capacity of the national and provincial mi nistries of health.	
Provincial Maternal-Child Hlth Sector Adjustment Ln. (PMCHSAL)	Argentina	P072637	750.00	Cerrado	2003-10-28T00:00:00Z	2013-01-15T00:00:00Z	The Provincial Maternal-Child Health Sector Adjustment Loan (PMCHSAL) aims to: (a) respond to the urgent health needs of the poor, particularly uninsured mothers and children; and (b) simultaneously, assist the Government to modify the incentive framework for financing and delivery of health care services, starting in Argentina's poorest provinces.	
Argentina Economic and Social Transition Structural Adjustment Loan	Argentina	P083074	500.00	Cerrado	2003-05-22T00:00:00Z	2018-01-14T00:00:00Z		
Social Protection VI Project - Jefes de Hogar (Heads of Household)	Argentina	P073578	600.00	Cerrado	2003-01-28T00:00:00Z	2016-04-12T00:00:00Z	Support a social safety net program which, through financing for small infrastructure and productive activities, maintenance, and community services provides temporary employment to poor workers and improves the living standards in poor communities	
ProFam:  Family Strengthening and Social Capital Promotion	Argentina	P070374	5.00	Cerrado	2001-11-08T00:00:00Z	2013-01-15T00:00:00Z	To test and monitor a social capital approach to address the vulnerability of the poor by targeting families as comprehensive units and promoting gender equity.	
AR SAL 1 (Federal Provincial Fiscal Relations)	Argentina	P073591	400.00	Cerrado	2001-08-28T00:00:00Z	2013-01-15T00:00:00Z	Project Development Objective (Note: will be disclosed in the MOS) The loan will support the government's efforts to re-organize and improve the efficiency of social sector expenditures, as well as lead efforts to immprove general fiscal performance , budgeting and planning at the provincial level.  The loan would also address consolidation of structural reform at the federal level, specifically in the areas of tax administration and public sector manangement.  Board Schedule Comments	
Santa Fe Provincial Reform Adjustment Loan	Argentina	P069913	330.00	Cerrado	2001-07-19T00:00:00Z	2016-04-12T00:00:00Z	The overall objective of the program supported by the Bank is to help the Province of Santa Fe to reform and restructure its government so as to ensure eficiency, quality and equity in public services, particularly in health, education and social protection, within fiscally sound policies.  Specific objectives include:  A.  Public Finance and Administration (i).    Attaining a fiscal balance (ii).   Modernizing financial management and enhancing transparency (iii).  Economic evaluation of public investments and environmental screening (iv.)  Reducing tax distortions (v).   Modernizing tax administration (vi).  Concessioning electricity distribution to reduce costs B.  Social Protection (i).   Protecting the social safety net (ii).  Modernizing beneficiary registration C.  Education (i).   Protecting education spending (ii).  Improving human resource management systems for teachers and students (iii). Enhancing the use of student/school evaluations (iv).  Strengthening teacher training (v).   Improving the efficieny and equity of private school subsidies. D. Health (i).  Strengthening primary care for the uninsured (ii).  Improving public hospitals (iii). Strengthening the regulatory role of the Ministry of Health (iv). Sustaining the financial balance of the public employee health insurance carrier.	
Segundo proyecto de educaciÛn secundaria  Provincia de Buenos Aires	Argentina	P064614	56.99	Cerrado	2000-12-07T00:00:00Z	2013-01-15T00:00:00Z	1. Increase access to quality education and improve equity by supporting the implementation of a Full-Day Schedule (known as the "Jornada Completa") in selected  EGB3 schools serving students from the poorest households.  2.  Increase school management as a necessary complement to the introduction of a "Full-Day Schedule" in the selected EGB3 schools.	
Provincial Reform Loan Project - Cordoba	Argentina	P068344	303.00	Cerrado	2000-11-22T00:00:00Z	2013-01-15T00:00:00Z	The objective of this structural adjustment loan is to promote an efficient and responsive delivery of public services by the province of Cordoba within fiscally sound policies.	
Sustainable Fisheries Management Project	Argentina	P057459	5.00	Cerrado	2000-09-19T00:00:00Z	2016-04-12T00:00:00Z	THE PROJECT WOULD SUPPORT IMPLEMENTATION OF AN INDIVIDUAL TRANSFERABLE QUOTA SYSTEM AND OTHER MEASURES ASSOCIATED WITH IMPROVED, SUSTAINABLE FISHERIES MANAGEMENT INCLUDING ASSISTANCE TO DISPLACED WORKERS. 8/6/2002 - THIS PROJECT WAS APPROVED BY THE BOARD BUT NEVER SIGNED. THE GOVERNMENT DID NOT CONFIRM TO THE BANK THEIR AGREEMENT TO SIGN THE PROJECT WITHIN THE DEADLINE ESTABLISHED BY THE BANK - BEYOND THE 18 MOTH GRACE PERIOD AS PER BANK OPERATIONAL GUDIELINES. CMU DIRECTOR HAS DECIDED TO DROPP PROJECT. 8/6/2002 PROJECT IS SET TO DROP PENDING (BOARD APPROVAL DATE REMOVED) PER MARIA CURZI E-MAIL ON 8/6/2002. OK BY STAEL BALTAR.	
Indigenous Community Development LIL	Argentina	P057473	5.00	Cerrado	2000-09-18T00:00:00Z	2013-01-15T00:00:00Z		
PROVINCIAL REFORM ADJUSTMENT LOAN - CATAMARCA	Argentina	P044447	70.70	Cerrado	2000-09-14T00:00:00Z	2013-01-15T00:00:00Z	The overall objective of the program supported by the Bank is to help the Province of Catamarca to reform and restructure its government so as to ensure an efficient and responsive delivery of public services within fiscally sound policies..  Specific objectives are:  A.  Public Finance and Adminsitration: (i).   Improving tax collection and administration to promote higher reliance on own-source revenues and increased accountability; (ii).  Reforming  civil service, including reduction in the wage bill and redundant personnel; improved training and compensation; controls to lower absenteeism and overpayments; and, (iii). Rationalizing public expenditures and prioritizing government spending, with emphasis on privatization and outsourcing to improve the reliability and quality of public services. B.  Education Reform: (i).   Increasing low student/teacher ratios; (ii).  Reducing disproportionate use of temporary and substitute education personnel; (iii). Improving the incentive for quality improvements; (iv). Enhancing private sector participation; and (v).  Reducing administrative costs. C.  Health Reform (i).   Extending coverage to the unisured poor (ii).  Ensuring the financial viability of the provincial health insurance carrier; (iii). Reallocating resources to non-personnel spending; (iv). Promting essential public health services; (v).  Promoting hospital autonomy (vi). Improving integration between primary and secondary health care; and (vii). Accrediting services and quality assurance systems.	
Health Insurance for the Poor Project	Argentina	P063388	4.90	Cerrado	1999-11-24T00:00:00Z	2013-01-15T00:00:00Z		
AR-Pub. Hlth. Surveillance & Disease Control Project (VIGIA)	Argentina	P055482	52.50	Cerrado	1999-10-14T00:00:00Z	2013-01-15T00:00:00Z		
ARGENTINA-POLICY BASED GUARANTEE OPERATION	Argentina	P068845	250.00	Cerrado	1999-09-16T00:00:00Z	2018-01-14T00:00:00Z		
Water Sector Reform Project	Argentina	P006046	30.00	Cerrado	1999-06-01T00:00:00Z	2013-01-15T00:00:00Z		
Integrated Drug Prevention Pilot Project	Argentina	P058526	4.75	Cerrado	1999-05-05T00:00:00Z	2013-01-15T00:00:00Z		
Social and Fiscal National Identification System  Project	Argentina	P055461	10.00	Cerrado	1999-04-20T00:00:00Z	2013-01-15T00:00:00Z		
Proyecto de energÌa renovable en el mercado rural 	Argentina	P006043	30.00	Cerrado	1999-03-30T00:00:00Z	2013-04-15T00:00:00Z		
ModernizaciÛn estatal	Argentina	P057449	30.30	Cerrado	1998-12-17T00:00:00Z	2013-01-15T00:00:00Z		
Special Structural Adjustment Loan Project	Argentina	P062991	2525.25	Cerrado	1998-11-10T00:00:00Z	2018-01-14T00:00:00Z		
Repurchase Facility Support Loan Project	Argentina	P062992	505.05	Cerrado	1998-11-10T00:00:00Z	2018-01-14T00:00:00Z		
AR: Fourth Social Protection Project	Argentina	P006058	90.80	Cerrado	1998-10-15T00:00:00Z	2013-01-15T00:00:00Z		
Social Protection Project (03)	Argentina	P049269	284.00	Cerrado	1998-06-30T00:00:00Z	2013-01-15T00:00:00Z		
Secondary Education 3	Argentina	P050714	119.00	Cerrado	1998-04-09T00:00:00Z	2016-04-12T00:00:00Z		
Model Court Development Project	Argentina	P050713	5.00	Cerrado	1998-04-08T00:00:00Z	2013-01-15T00:00:00Z		
National Highways Rehabilitation and Maintenance Project	Argentina	P052590	450.00	Cerrado	1998-03-17T00:00:00Z	2018-01-18T00:00:00Z		
Pollution Management Project	Argentina	P006050	18.00	Cerrado	1998-02-10T00:00:00Z	2016-05-10T00:00:00Z		
Second Mining Development Technical Assistance Project	Argentina	P055477	39.50	Cerrado	1998-02-10T00:00:00Z	2013-01-15T00:00:00Z		
El Nino Emergency Flood Project	Argentina	P055935	42.00	Cerrado	1998-01-20T00:00:00Z	2013-01-15T00:00:00Z		
Provincial Reform Project (02) - Tucuman	Argentina	P006006	100.00	Cerrado	1997-08-26T00:00:00Z	2013-01-15T00:00:00Z		
Provincial Reform Project (02) - Salta	Argentina	P051693	75.00	Cerrado	1997-08-26T00:00:00Z	2013-01-15T00:00:00Z		
Provincial Reform Project (02) - San Juan	Argentina	P051694	50.00	Cerrado	1997-08-26T00:00:00Z	2013-01-15T00:00:00Z		
Provincial Reform Project (02) - Rio Negro	Argentina	P051695	75.00	Cerrado	1997-08-26T00:00:00Z	2013-01-15T00:00:00Z		
Small Farmer Development Project	Argentina	P006041	75.00	Cerrado	1997-07-17T00:00:00Z	2016-04-12T00:00:00Z		
Social Protection Project (02) - TRABAJAR	Argentina	P049268	200.00	Cerrado	1997-06-19T00:00:00Z	2016-04-12T00:00:00Z		
AR Aids and Sexually Transmitted Diseases Control Project	Argentina	P043418	15.00	Cerrado	1997-05-22T00:00:00Z	2013-01-15T00:00:00Z		
AR-Maternal and Child Health and Nutrition 2 (PROMIN)	Argentina	P006059	100.00	Cerrado	1997-05-15T00:00:00Z	2013-01-15T00:00:00Z		
Proyecto de transporte urbano en Buenos Aires 	Argentina	P039584	200.00	Cerrado	1997-05-15T00:00:00Z	2018-01-18T00:00:00Z		
Proyecto de desarrollo agrÌcola provincial  - PrÈstamo 4150	Argentina	P006010	125.00	Cerrado	1997-04-22T00:00:00Z	2016-04-12T00:00:00Z		
National Pension Administration Technical Assistance Project	Argentina	P046821	20.00	Cerrado	1997-01-21T00:00:00Z	2013-01-15T00:00:00Z		
Flood Protection Project	Argentina	P006052	200.00	Cerrado	1996-12-11T00:00:00Z	2013-01-15T00:00:00Z		
Provincial Pension Reform Adjustment Loan Project	Argentina	P044445	300.00	Cerrado	1996-12-11T00:00:00Z	2013-01-15T00:00:00Z		
Provincial Roads Project	Argentina	P005980	300.00	Cerrado	1996-09-12T00:00:00Z	2018-01-18T00:00:00Z		
Proyecto de ·reas protegidas y bosques nativos	Argentina	P040808	19.50	Cerrado	1996-09-05T00:00:00Z	2016-04-12T00:00:00Z		
Health Insurance Technical Assistance Project	Argentina	P045687	25.00	Cerrado	1996-04-25T00:00:00Z	2013-01-15T00:00:00Z		
Health Insurance Reform Loan	Argentina	P040909	350.00	Cerrado	1996-04-25T00:00:00Z	2013-01-15T00:00:00Z		
AR-Decentralization & Improvement  of Secondary Educ. & Polymodal Education Development Project	Argentina	P006057	115.50	Cerrado	1995-12-21T00:00:00Z	2013-01-15T00:00:00Z		
Enterprise Export Development Project	Argentina	P038883	38.50	Cerrado	1995-11-28T00:00:00Z	2013-01-15T00:00:00Z		
Social Protection Project 	Argentina	P035495	152.00	Cerrado	1995-11-21T00:00:00Z	2016-04-12T00:00:00Z		
Public Investment Strengthening Technical Assistance Project	Argentina	P037049	16.00	Cerrado	1995-11-21T00:00:00Z	2013-01-15T00:00:00Z		
Forestry Development Project	Argentina	P006040	16.00	Cerrado	1995-10-24T00:00:00Z	2013-01-15T00:00:00Z		
Provincial Health Sector Development Project	Argentina	P006030	101.40	Cerrado	1995-08-03T00:00:00Z	2013-01-15T00:00:00Z		
MINING SECTOR DEVELOPMENT T.A.	Argentina	P006055	30.00	Cerrado	1995-07-25T00:00:00Z	2013-01-15T00:00:00Z		
Bank Reform Loan Project	Argentina	P040904	500.00	Cerrado	1995-07-25T00:00:00Z	2018-01-14T00:00:00Z		
AR-Higher Education Reform Project	Argentina	P034091	165.00	Cerrado	1995-07-06T00:00:00Z	2013-01-15T00:00:00Z		
Provincial Development Project (02)	Argentina	P006018	225.00	Cerrado	1995-05-04T00:00:00Z	2013-01-15T00:00:00Z		
Provincial Bank Privatization Loan Project	Argentina	P040826	500.00	Cerrado	1995-05-04T00:00:00Z	2018-01-14T00:00:00Z		
Municipal Development Project (02)	Argentina	P006060	210.00	Cerrado	1995-03-23T00:00:00Z	2013-01-15T00:00:00Z		
Provincial Reform Loan	Argentina	P006035	300.00	Cerrado	1995-01-24T00:00:00Z	2018-01-14T00:00:00Z		
Decentralization and Improvement of Secondary Education Project	Argentina	P005992	190.00	Cerrado	1994-09-15T00:00:00Z	2013-01-15T00:00:00Z		
Capital Market Development Technical Assistance Project	Argentina	P006062	8.50	Cerrado	1994-03-01T00:00:00Z	2018-01-14T00:00:00Z		
Capital Market Development Project	Argentina	P005988	500.00	Cerrado	1994-03-01T00:00:00Z	2018-01-14T00:00:00Z		
Maternal and Child Health and Nutrition Project 	Argentina	P006025	100.00	Cerrado	1993-08-03T00:00:00Z	2013-01-15T00:00:00Z		
Road Maintenance and Rehabilitation Sector Project	Argentina	P006003	340.00	Cerrado	1993-06-03T00:00:00Z	2018-01-18T00:00:00Z		
Financial Sector Adjustment Loan Project	Argentina	P006047	400.00	Cerrado	1993-02-16T00:00:00Z	2018-01-14T00:00:00Z		
Debt and Debt Service Reduction Loan Project	Argentina	P006037	450.00	Cerrado	1993-01-05T00:00:00Z	2018-01-14T00:00:00Z		
Public Enterprise Reform Adjustment Loan Project (02)	Argentina	P006012	300.00	Cerrado	1993-01-05T00:00:00Z	2018-01-14T00:00:00Z		
YACYRETA II	Argentina	P006036	300.00	Cerrado	1992-09-29T00:00:00Z	2015-08-14T00:00:00Z		
Flood Rehabilitation Project	Argentina	P006051	0.00	Cerrado	1992-09-29T00:00:00Z	2013-01-15T00:00:00Z		
Tax Administration Technical Assistance Project (02)	Argentina	P006034	20.00	Cerrado	1992-04-14T00:00:00Z	2013-01-15T00:00:00Z		
Hydrocarbon Engineering Project	Argentina	P006032	28.00	Cerrado	1991-11-19T00:00:00Z	2013-01-15T00:00:00Z		
Public Sector Reform Loan Project	Argentina	P006026	325.00	Cerrado	1991-07-30T00:00:00Z	2013-01-15T00:00:00Z		
Public Sector Reform Technical Assistance Project	Argentina	P006029	23.00	Cerrado	1991-06-25T00:00:00Z	2013-01-15T00:00:00Z		
Agricultural Services & Institutional Development Project	Argentina	P006009	33.50	Cerrado	1991-02-28T00:00:00Z	2016-04-12T00:00:00Z		
Public Enterprise Reform Execution Project (PEREL)	Argentina	P006028	23.00	Cerrado	1991-02-12T00:00:00Z			
Public Enterprise Reform Adjustment Loan (PERAL) Project	Argentina	P005993	300.00	Cerrado	1991-02-12T00:00:00Z			
Provincial Development Project	Argentina	P006005	200.00	Cerrado	1990-12-18T00:00:00Z	2013-01-15T00:00:00Z		
Water Supply and Sewerage Sector Project	Argentina	P005977	100.00	Cerrado	1990-12-18T00:00:00Z	2013-01-15T00:00:00Z		
Tax Administration Technical Assistance	Argentina	P006013	6.50	Cerrado	1989-01-24T00:00:00Z			
Electric Power Sector Loan Project	Argentina	P005986	252.00	Cerrado	1988-10-27T00:00:00Z			
Trade Policy Loan Project (02)	Argentina	P005987	300.00	Cerrado	1988-10-27T00:00:00Z			
Housing Sector Project (01)	Argentina	P006002	300.00	Cerrado	1988-10-27T00:00:00Z			
Social Sector Management Technical Assistance Loan Project	Argentina	P005991	28.00	Cerrado	1988-07-26T00:00:00Z			
Agricultural Credit Project (02)	Argentina	P005985	106.50	Cerrado	1988-06-23T00:00:00Z			
Banking Sector Loan (BSL) Project	Argentina	P005976	400.00	Cerrado	1988-03-29T00:00:00Z			
Municipal Development Project	Argentina	P005963	120.00	Cerrado	1988-03-22T00:00:00Z			
SEGBA V	Argentina	P005968	276.00	Cerrado	1987-06-23T00:00:00Z	2015-08-14T00:00:00Z		
Trade Policy & Export Diversification Project	Argentina	P005970	500.00	Cerrado	1987-05-19T00:00:00Z			
Bahia Blanca I Port Project	Argentina	P005944	50.00	Cerrado	1987-05-05T00:00:00Z			
Small and Medium Scale Industry Credit Project	Argentina	P005966	125.00	Cerrado	1987-04-14T00:00:00Z			
Power Engineering Project	Argentina	P005962	14.00	Cerrado	1986-09-16T00:00:00Z			
Public Sector Management Technical Assistance Project	Argentina	P005961	18.50	Cerrado	1986-06-03T00:00:00Z			
REFINERY SUPP LOAN	Argentina	P005967	116.00	Cerrado	1986-05-20T00:00:00Z			
Agricultural Sector Loan Project	Argentina	P005956	350.00	Cerrado	1986-04-03T00:00:00Z			
Water Supply Project	Argentina	P005945	60.00	Cerrado	1985-12-10T00:00:00Z			
Gas Utilization and Technical Assistance Project	Argentina	P005949	180.00	Cerrado	1985-06-25T00:00:00Z			
Highway Project (05)	Argentina	P005943	100.00	Cerrado	1983-05-31T00:00:00Z			
Industrial Credit Project (02)	Argentina	P005940	100.00	Cerrado	1981-12-01T00:00:00Z			
Oil and Gas Credit Project	Argentina	P005941	100.00	Cerrado	1981-07-07T00:00:00Z			
Refinery Conversion Project	Argentina	P005942	200.00	Cerrado	1981-07-07T00:00:00Z			
Coal Exploration Project	Argentina	P005939	10.00	Cerrado	1980-12-09T00:00:00Z			
Vocational Training and Technical Education Project	Argentina	P005938	58.00	Cerrado	1980-10-07T00:00:00Z			
Oil and Gas Engineering Project	Argentina	P005936	27.00	Cerrado	1980-06-24T00:00:00Z			
Yacyreta Hydroelectric Project	Argentina	P005937	210.00	Cerrado	1979-10-16T00:00:00Z			
Railways Project (02)	Argentina	P005935	96.00	Cerrado	1979-03-27T00:00:00Z			
Agricultural Credit Project	Argentina	P005933	60.00	Cerrado	1978-05-09T00:00:00Z			
Grain Storage Project	Argentina	P005934	105.00	Cerrado	1978-02-21T00:00:00Z			
Industrial Credit Project	Argentina	P005930	100.00	Cerrado	1977-06-16T00:00:00Z			
Highway Project (04)	Argentina	P005932	105.00	Cerrado	1977-03-22T00:00:00Z			
Buenos Aires Power Project (04)	Argentina	P005931	115.00	Cerrado	1976-09-21T00:00:00Z			
Highway Project (03)	Argentina	P005928	67.50	Cerrado	1971-03-30T00:00:00Z			
Railway Project	Argentina	P005929	84.00	Cerrado	1971-03-30T00:00:00Z			
Buenos Aires Power Project (03)	Argentina	P005927	60.00	Cerrado	1969-10-07T00:00:00Z			
Road Project (02)	Argentina	P005926	25.00	Cerrado	1969-06-24T00:00:00Z			
El Chocon Power Project	Argentina	P005925	82.00	Cerrado	1968-12-17T00:00:00Z			
Buenos Aires Power Project (02)	Argentina	P005924	55.00	Cerrado	1968-01-25T00:00:00Z			
Balcarce Livestock Project	Argentina	P005923	15.30	Cerrado	1967-07-31T00:00:00Z			
Buenos Aires Power Project	Argentina	P005922	95.00	Cerrado	1962-01-23T00:00:00Z			
Road Project	Argentina	P005921	48.50	Cerrado	1961-06-30T00:00:00Z			
